
{
    "region" : "eu-north-1",
    "configuration" : "Debug",
    "framework"     : "netcoreapp3.1",
    "self-contained" : false,
    "application"    : "DemandSupplyProvider",
    "environment"    : "DemandSupplyProvider-dev",
    "enable-xray"    : false,
    "enhanced-health-type" : "basic",
    "additional-options"   : "\"aws:autoscaling:launchconfiguration,SecurityGroups\"=\"sg-09d29924011581325\";\"aws:ec2:vpc,Subnets\"=\"subnet-0489b1d2ba8d12c93\"",
    "solution-stack"       : "64bit Amazon Linux 2 v2.3.3 running .NET Core",
    "environment-type"     : "SingleInstance",
    "cname"                : "demandsupplyprovider-dev",
    "instance-type"        : "c5.18xlarge",
    "key-pair"             : "",
    "instance-profile"     : "aws-elasticbeanstalk-ec2-role",
    "service-role"         : "apismapleapplication-RecipeBeanstalkServiceRole62B-HCQVI8R0ZOFL",
    "proxy-server"         : "nginx"
}